First Name,Last Name
Julia,Cameron
Sofia,Baker
Edith,Barrett
Jared,Tucker
Brianna,Edwards
Michelle,Morris
Alberta,Myers
Henry,Wilson
Adam,Rogers
Lilianna,Cooper
Sarah,Thompson
Max,Murray
Kelvin,Allen
Abigail,Casey
Florrie,Wright
Amy,Taylor
Kelvin,Lloyd
Maria,Edwards
Alan,Grant
Alexia,Bennett
Rosie,Richardson
Alford,Allen
Sawyer,Roberts
Lucia,Cole
Tyler,Perry
Alexia,Taylor
Darcy,Williams
Valeria,Elliott
Hailey,Richardson
Victoria,Andrews
Anna,Harris
Harold,Grant
Caroline,Brooks
Ted,Morrison
Spike,Carter
Maximilian,Hall
Adelaide,Ryan
Alisa,Douglas
Aiden,Roberts
Miranda,Rogers
Abigail,Montgomery
Natalie,Gray
Jenna,Holmes
Dale,Morris
Adrian,Cole
Savana,Davis
Sofia,Perry
Adison,Payne
Sarah,Scott
Alexia,Andrews
Antony,Perry
Reid,Morgan
Clark,Richardson
Sienna,Perry
Alina,Gibson
Fenton,Payne
Victoria,Scott
Elise,Casey
Kelvin,Johnson
Robert,Barnes
Oliver,Jones
Rebecca,Wright
Fenton,Craig
Kelvin,Spencer
Ada,Wells
Alan,Clark
Grace,Carroll
Harold,Alexander
Vincent,Martin
Emily,Morrison
Lily,Harrison
Edward,Cameron
Kelvin,Anderson
Cadie,Johnson
Audrey,Taylor
Melissa,Richardson
Kelvin,Casey
Roland,Reed
Carina,Baker
John,Carter
Aldus,Morrison
Olivia,Barrett
Adrianna,Harper
Harold,Morris
George,Davis
Dale,Ryan
Sienna,Henderson
Arianna,Bailey
Anna,Wells
Chloe,Carroll
Sofia,Edwards
Sophia,Riley
Darcy,Davis
Tess,Harper
Preston,Jones
Isabella,Thomas
Rafael,Miller
Alford,Kelley
Edwin,Reed
Evelyn,Morgan
Cherry,Foster
Eric,Davis
Victor,Stevens
Michelle,Dixon
Briony,Nelson
Stuart,Perkins
Sienna,Perkins
Albert,Craig
Alford,Lloyd
Sabrina,Watson
Alfred,Mitchell
Brooke,Perkins
James,Edwards
Alina,Farrell
Aida,Taylor
Sam,Rogers
Nicholas,Craig
Kirsten,Dixon
Michael,Chapman
Thomas,Morris
Edith,Edwards
Darcy,Holmes
Daniel,Holmes
James,Warren
Bruce,Adams
Stuart,Payne
Luke,Armstrong
Connie,Spencer
Richard,Cameron
Alexia,Nelson
Vivian,Bennett
Brad,Bennett
Naomi,Walker
Brad,Myers
Evelyn,Payne
Daryl,Nelson
Aiden,Ferguson
David,Crawford
Carina,Ryan
Chelsea,Nelson
Chelsea,Adams
Connie,Armstrong
Fiona,Anderson
Amanda,Tucker
Lenny,Carter
Lyndon,Hill
John,Riley
Deanna,Brooks
Honey,Morgan
Adele,Brooks
Belinda,Thompson
Adrianna,Scott
Kate,Hall
Olivia,Stewart
Darcy,Parker
Brad,Ellis
Alexander,Parker
Mary,Douglas
James,West
Arianna,Kelly
Caroline,Thomas
Vivian,Casey
Arianna,Foster
William,Lloyd
Richard,Chapman
Melanie,Thompson
Nicole,Montgomery
Kirsten,Smith
Rebecca,West
Lydia,Carroll
Albert,Jones
Leonardo,Ferguson
Annabella,Kelley
Amanda,Wilson
Eric,Murray
Lucas,Carter
Chelsea,Scott
Clark,Holmes
Kristian,Kelley
Violet,Ferguson
Adam,Scott
Elise,Grant
Stuart,Phillips
Honey,Montgomery
Evelyn,Carter
Alexia,Harper
Mike,Spencer
Annabella,Chapman
Olivia,Mason
Adrian,Casey
Isabella,Elliott
Chelsea,Murphy
Wilson,Mason
Joyce,Grant
Marcus,Thompson
George,Wilson
Fenton,Murray
Dexter,Hill
Cadie,Kelley
Lenny,Owens
Martin,Jones
Lydia,Farrell
Dale,Gray
Emily,Taylor
Chloe,Elliott
Violet,Hill
Charlie,Alexander
Belinda,Elliott
Melissa,Jones
Paul,Williams
Fenton,Hawkins
Freddie,Foster
Isabella,Adams
Rubie,Brooks
Madaline,Dixon
Jessica,Mason
Owen,Grant
Adrian,Roberts
Myra,Crawford
Madaline,Cameron
Dexter,Roberts
George,Russell
Abigail,Scott
Tony,Casey
Edward,Walker
Harold,Anderson
Jack,Barnes
Derek,Hamilton
Garry,Davis
Adison,Williams
Jack,Jones
Edward,Barnes
Fenton,Richardson
Sarah,Edwards
Julia,Ferguson
Chester,Baker
Brad,Wilson
Arnold,Farrell
George,Thomas
Daisy,Morgan
Mike,Crawford
Adrian,Mason
Miranda,Chapman
Evelyn,Smith
Dale,Mason
Naomi,Crawford
Alen,Howard
Sabrina,Miller
Valeria,Warren
Aida,Murray
Antony,Clark
Kevin,Ross
Sienna,Harris
Carlos,Andrews
Daniel,Nelson
Nicole,Watson
Brooke,Wright
Leonardo,Miller
Nicole,Roberts
Eleanor,Scott
Aston,Mason
Adrianna,Barrett
Oliver,Farrell
Marcus,Robinson
Jared,West
Lucy,Grant
Adele,Allen
Sydney,Walker
Melanie,Grant
Justin,Andrews
April,Brown
Sawyer,Williams
Amy,Crawford
Victor,Parker
Caroline,Clark
Sam,Stewart
Arthur,Wright
Sophia,Montgomery
Maximilian,Farrell
Violet,Wells
Audrey,Mitchell
Lenny,Perkins
Miller,Robinson
Mike,Richardson
Abigail,Perkins
Abraham,Alexander
Arnold,Bennett
Michael,Thompson
Charlie,Montgomery
Lyndon,Ross
James,Lloyd
Catherine,Henderson
Paul,Wilson
Kellan,Ellis
Mike,Ferguson
Kirsten,Foster
Miranda,Cooper
Steven,Casey
Stella,Bennett
Clark,Bennett
Alexia,Richards
Emma,West
Marcus,West
Charlie,Walker
Jack,Owens
Antony,Morrison
Penelope,Crawford
Brad,Tucker
Lana,Turner
Ryan,Ferguson
Jasmine,Walker
Clark,Mason
Aldus,Mitchell
Owen,Chapman
Roman,Holmes
Rubie,Fowler
Adrian,Fowler
Nicole,Robinson
Leonardo,Alexander
William,Warren
Chester,Thompson
Oscar,Howard
Jordan,Crawford
Nicole,Grant
Maddie,Russell
Violet,Kelly
Victor,Andrews
Byron,Mason
Brianna,Scott
Chloe,Walker
Alissa,Bennett
Alisa,Murray
Sienna,Armstrong
Rafael,Allen
Paige,Edwards
Paige,Turner
Tony,Andrews
Alan,Edwards
Grace,Owens
Brianna,Robinson
Agata,Rogers
Evelyn,Craig
David,Martin
Alberta,Crawford
April,Williams
Alberta,Hawkins
Max,Smith
Arianna,Foster
Daryl,Murray
Camila,Russell
James,Sullivan
Nicole,Clark
Jack,Cameron
James,Johnson
Kirsten,Adams
Adam,Owens
Roland,Robinson
Cherry,Fowler
Julian,Stewart
Adrian,Stewart
Abigail,Wright
Adison,Morris
Derek,Sullivan
George,Parker
Alissa,Williams
Ned,Rogers
Abraham,Williams
Naomi,Morris
Dainton,Turner
Carl,Campbell
Anna,Ross
Tyler,Murray
Frederick,Cole
Maria,Davis
Alexander,Cameron
Caroline,Perkins
Sawyer,Howard
Belinda,Warren
Eric,Martin
Freddie,Phillips
Maya,Mason
Antony,Sullivan
Alford,Hunt
Florrie,Brooks
Charlotte,Martin
Ted,Perkins
Max,Edwards
Spike,Armstrong
Jacob,Taylor
Dale,Murray
Amber,Richardson
Rafael,Howard
Cadie,Barnes
Alisa,Lloyd
Dominik,Crawford
Andrew,Brooks
Antony,Anderson
Adele,Spencer
Derek,Hill
Frederick,Andrews
Jessica,Holmes
Edwin,Nelson
Jessica,Riley
Daisy,Russell
Fenton,Nelson
Arthur,Taylor
Adelaide,Parker
Edward,Cole
Edwin,Morgan
Eddy,Elliott
Reid,Craig
Antony,Henderson
Tyler,Higgins
Steven,Harper
Jessica,Taylor
Victor,Kelley
Florrie,Taylor
Tony,Phillips
Edwin,Carroll
Darcy,Hawkins
David,Roberts
Marcus,Carroll
Vivian,Russell
Alisa,Stevens
Sarah,Stewart
Edwin,Armstrong
Maddie,Hamilton
Adison,Dixon
Alina,Cameron
Kelvin,Williams
Reid,Hall
Dexter,Morgan
Vivian,Anderson
Daryl,Reed
Adison,Stevens
Lucy,Morrison
Alina,Evans
Ryan,Ryan
Mike,Hamilton
Rafael,Morris
Chester,Foster
Alfred,Edwards
Emma,Cameron
Rubie,West
Darcy,Hamilton
Kimberly,Cooper
Vivian,Jones
Kate,Henderson
Victoria,Stewart
Adele,Russell
Chloe,Bennett
Gianna,Richards
Elian,Montgomery
Kate,Grant
Miley,Allen
Catherine,Miller
Arnold,Casey
Ryan,Hawkins
Lilianna,Scott
Rosie,Crawford
Deanna,Moore
Ryan,Morgan
Madaline,Brooks
Alberta,Davis
Annabella,Wilson
Camila,Kelly
Maximilian,Lloyd
Sarah,Payne
George,Johnson
Amber,Kelly
Jared,Reed
Edwin,Kelley
Lana,Harrison
Daniel,Allen
Abigail,Davis
Frederick,Murray
Carl,Morris
Miranda,Perry
Natalie,Taylor
Jasmine,Russell
Vivian,Barnes
Amelia,Richards
Chester,Adams
Kevin,Myers
Evelyn,Henderson
Samantha,Wilson
Sydney,Smith
Brad,Mason
Leonardo,Anderson
Sarah,Howard
Carina,Harrison
Aiden,Riley
John,Chapman
Lucas,Phillips
Myra,Kelley
April,Johnston
Amy,Tucker
Melanie,Ferguson
Kimberly,Ellis
Antony,Holmes
Preston,Moore
Lydia,Higgins
Chloe,Henderson
Alexander,Farrell
Lucy,Edwards
Evelyn,Casey
Jasmine,Scott
Ashton,Jones
Rafael,Andrews
Edward,Roberts
Grace,Bailey
David,Roberts
Alexia,Walker
Aldus,Thompson
Marcus,Elliott
Lyndon,Grant
Kirsten,Edwards
Martin,Richards
Alan,Hamilton
Paige,Roberts
Edith,Moore
Ada,Holmes
Alen,Ross
Valeria,Spencer
Carl,Scott
Ryan,Reed
Oliver,Gibson
Freddie,Jones
Leonardo,Myers
Victor,Fowler
Aston,Ferguson
Victoria,Stevens
Rafael,Harper
Amber,Harper
Luke,Stevens
Oliver,Harrison
Aldus,Johnston
Jacob,Ryan
April,Bennett
Leonardo,Scott
Ellia,Mason
Jacob,Brooks
Daniel,Tucker
Freddie,Turner
Tiana,Morrison
Fenton,Fowler
Joyce,Baker
Paige,Lloyd
Grace,Andrews
Ned,Johnson
Charlie,Brown
Naomi,Chapman
Tony,Fowler
Ryan,Bennett
Chelsea,Reed
Vincent,Stewart
Justin,Kelly
Sydney,Murphy
Ashton,Kelly
Ashton,Wilson
Vincent,Wright
Isabella,Henderson
Frederick,Bailey
Emily,Carroll
Hailey,Chapman
Jasmine,Anderson
Alberta,Thompson
Paige,Tucker
Penelope,Kelley
Carl,Watson
Violet,Barnes
Oliver,Davis
Fiona,Davis
Deanna,Walker
Lucy,Morris
Alisa,Mason
Harold,Thomas
Hailey,Campbell
Savana,Montgomery
Derek,Roberts
Sophia,Spencer
Samantha,Montgomery
Cherry,Warren
Owen,Holmes
Naomi,Carroll
Anna,Morrison
Walter,Jones
William,Andrews
Sofia,Henderson
Julia,Cole
Kelvin,Campbell
Maximilian,Hamilton
Arthur,Sullivan
Dale,Bailey
Carina,Foster
Audrey,Cunningham
Agata,Parker
Evelyn,Farrell
Amanda,West
Paige,Cunningham
Maria,Campbell
Lily,Barrett
Oliver,Murray
Amelia,Murray
Alisa,Hawkins
Fenton,Scott
Alford,Cunningham
Miley,Cunningham
Anna,West
Sydney,Davis
Adam,Howard
Antony,Anderson
Aston,Murray
Miranda,Ellis
Lydia,Bailey
Preston,Kelly
Kellan,Edwards
Amber,Harris
Eddy,Davis
Nicholas,Mason
Anna,Walker
Alissa,Baker
Rubie,Nelson
Penelope,Taylor
Oliver,Adams
Amber,Owens
Michael,Brown
Amy,Hill
Adison,Clark
Garry,Warren
Daryl,Perkins
Tess,Alexander
Kelvin,Perry
Reid,Turner
Gianna,Crawford
Olivia,Phillips
Luke,Lloyd
Haris,Johnston
Victoria,Robinson
Charlotte,Murray
Aida,Lloyd
Belinda,Gibson
Edwin,Miller
Rebecca,Foster
Amy,Edwards
Kelsey,Payne
Adison,Allen
Michelle,Harper
Myra,Murphy
John,Taylor
Daniel,Brown
Olivia,Bennett
Briony,Myers
Byron,Anderson
Antony,Sullivan
Chloe,Warren
Andrew,Parker
Eddy,Ellis
Charlie,Robinson
Charlie,Thomas
Amy,Warren
Rubie,Wilson
Kelvin,Gray
Deanna,Jones
Dale,Sullivan
William,Lloyd
Albert,Grant
Haris,Parker
Adelaide,Chapman
Miller,Baker
Kelsey,Phillips
Carina,Perkins
Tony,Walker
Kristian,Williams
Lana,Bennett
Honey,Riley
Olivia,Farrell
Connie,Crawford
Jordan,Riley
Lana,Andrews
Vincent,Chapman
Oliver,Ferguson
Brad,Smith
Miranda,Casey
Harold,Wright
Lucas,Murray
Justin,Johnston
Amber,Harrison
Dexter,Farrell
Julia,Higgins
Carlos,Andrews
Eleanor,Perkins
Carl,Martin
Victoria,Bennett
Marcus,Roberts
Derek,Richards
Kimberly,Gray
Lucy,Alexander
Madaline,Craig
Adelaide,Stewart
Arianna,Campbell
Naomi,Moore
Brianna,Ryan
Richard,Howard
Alfred,Miller
Patrick,Turner
Lucia,Thomas
Jessica,Brooks
Edgar,Payne
Jacob,Sullivan
Eddy,Hall
Belinda,Ferguson
James,Baker
Spike,Walker
Rosie,Davis
Ada,Davis
Eric,Martin
Elise,Campbell
Max,Cameron
Victoria,Evans
Maya,Kelley
Belinda,Howard
Brooke,Casey
Vincent,Higgins
Derek,Parker
Aida,Clark
Miller,Brown
Lilianna,Hamilton
Ada,Ryan
Leonardo,Johnston
Oliver,Hill
Garry,Elliott
Kellan,Miller
Maya,Phillips
Tyler,Elliott
Eddy,Armstrong
Jasmine,Chapman
Owen,Henderson
Walter,Crawford
Grace,Hamilton
Myra,Casey
Hailey,Phillips
Aida,Harris
Vivian,Hawkins
Ada,Williams
Darcy,Allen
Alisa,Murray
Dominik,Brooks
Tony,Walker
Lily,Spencer
Ryan,Scott
Alberta,Casey
Natalie,Brown
Dale,Gray
Gianna,Gibson
Alberta,Stewart
Robert,Moore
Miley,Ryan
Tyler,Cunningham
Daniel,Chapman
Ellia,Casey
Jacob,Kelley
Sawyer,Martin
Dexter,Kelly
James,Morrison
Vivian,Stevens
Dexter,Johnson
Lucas,Walker
Naomi,Morgan
Connie,Morgan
Ashton,Riley
Rubie,Warren
Savana,Barnes
Joyce,Grant
Lily,Armstrong
Haris,Edwards
Alissa,Brooks
Gianna,Martin
Maximilian,Barrett
Edgar,Hunt
Aston,Casey
Jenna,Roberts
Connie,Russell
Darcy,Higgins
Honey,Montgomery
Eric,Stevens
James,Sullivan
Edith,Stewart
Marcus,Craig
Honey,Watson
Heather,Sullivan
Adrian,Williams
Vanessa,Harper
Violet,Watson
Jasmine,Ferguson
Byron,Jones
James,Thomas
Amelia,Wright
April,Evans
Blake,Crawford
Kristian,Lloyd
Roman,Kelley
Frederick,Cole
Jack,Cameron
Chelsea,Ellis
Sophia,Richardson
Haris,Ross
Samantha,Harris
Robert,Tucker
Isabella,Riley
Maddie,Perkins
Naomi,Morris
Adelaide,Roberts
Kate,Payne
Tiana,Hamilton
Valeria,Richards
Edwin,Ellis
Connie,Phillips
Marcus,Miller
Arthur,Taylor
Arnold,Casey
Jack,Bailey
Max,Hunt
Adele,Hall
Edgar,Bailey
Lucia,Kelley
Carlos,Martin
Dainton,Morrison
Kirsten,Johnston
Maria,Mitchell
Elise,Armstrong
Kristian,Wilson
David,Wells
Lily,Morris
Julian,Hawkins
Lyndon,Roberts
Alan,Barnes
Edith,Roberts
Derek,Riley
Jack,Walker
Stella,Allen
Victoria,Cameron
Agata,Miller
David,Thompson
Annabella,Fowler
Lyndon,Taylor
Miller,Ellis
Natalie,Owens
Daisy,Warren
Agata,Sullivan
Fiona,Morrison
Sabrina,Murray
Sienna,Watson
Emma,Davis
Arianna,Spencer
Alan,Casey
Carlos,Campbell
Kirsten,Phillips
Rubie,Casey
Maya,Williams
Cherry,Morrison
Lydia,Hamilton
Carina,Harrison
Albert,Ryan
Rebecca,Cole
Honey,Bennett
Jacob,Owens
Emily,Higgins
Miranda,Carroll
Dale,Moore
Daniel,Scott
Evelyn,Andrews
Freddie,Chapman
Sienna,Kelly
Adam,Jones
Lana,Ferguson
Ryan,Phillips
Heather,Tucker
Eddy,Henderson
Lilianna,Cooper
Miranda,Hill
Eric,Kelley
Daryl,Carroll
Caroline,Watson
Roland,Sullivan
Alfred,Craig
Nicole,Bailey
Eleanor,Murphy
William,Hunt
Ned,Riley
Wilson,Perkins
Lucas,Holmes
Walter,Harris
Gianna,Turner
Brianna,Warren
Lana,Hall
Nicholas,Barnes
Alfred,Ryan
Alford,West
Sophia,Robinson
Sofia,Moore
Walter,Johnson
Edith,Warren
Patrick,Taylor
Anna,Ellis
Rubie,Harris
Penelope,Morrison
Adison,Kelly
Spike,Hill
Lily,Perry
Abraham,Russell
Spike,Morris
Alexander,Williams
Ada,Wells
Michelle,Owens
Eleanor,Payne
Eddy,Dixon
Eric,Brooks
Alfred,Carter
Antony,Foster
Robert,Montgomery
Miranda,Richardson
Natalie,Moore
Oscar,Walker
Sienna,Wilson
Dexter,Murray
Justin,Phillips
Blake,Hunt
Rafael,Watson
Kevin,Morris
Lucas,Brooks
Lucy,Hamilton
Hailey,Taylor
Heather,Alexander
Annabella,Evans
Roland,Douglas
Cadie,Foster
Ada,Edwards
Alfred,Campbell
Elise,Craig
Maya,Stevens
Jacob,Tucker
Deanna,Parker
Briony,Perkins
Daryl,Harris
Aida,Henderson
Miller,Henderson
Abraham,Scott
Fenton,Clark
Grace,Evans
Sawyer,Scott
Violet,Allen
Amy,Harrison
Clark,Howard
Ada,Anderson
Samantha,Adams
Briony,Owens
Tara,Harper
Charlotte,Rogers
Samantha,Ryan
Kristian,Thomas
Preston,Ellis
Connie,Campbell
Lana,Barrett
Martin,Casey
Connie,Martin
Jessica,Ferguson
Victoria,Foster
Brianna,Harris
Marcus,Crawford
Valeria,Mitchell
Amy,Ryan
Andrew,Carroll
Aiden,Andrews
Frederick,Foster
Amanda,Scott
Savana,Phillips
Ned,Parker
Jenna,Hamilton
Nicole,Jones
Michael,Montgomery
Maya,Morrison
Tara,Anderson
Miley,Spencer
Dale,Hamilton
Chloe,Roberts
Adison,Clark
Ada,Stevens
Vivian,Perry
Kelsey,Rogers
Kimberly,Baker
Wilson,Richards
Dexter,Davis
Eleanor,Miller
Aiden,Chapman
Catherine,Carter
Alisa,Tucker
Rubie,Hill
Tiana,Morrison
Cherry,Ross
