FirstName,LastName
Sophia,Chapman
Oscar,Ferguson
Adam,Casey
Aiden,Harrison
Dainton,Craig
Madaline,Walker
Arthur,Warren
Maximilian,Tucker
Patrick,Murphy
Charlie,Higgins
Eric,Perkins
Brad,Harper
Daisy,Henderson
Samantha,Elliott
Alford,Elliott
Haris,Hunt
Amelia,Harrison
Miranda,Reed
Daryl,Kelly
Fenton,Ellis
Isabella,Bailey
Lilianna,Mitchell
Tony,Howard
Naomi,Douglas
Dexter,Perkins
Aida,Bailey
Freddie,Howard
Oliver,Warren
Ellia,Jones
Julian,Richardson
Melissa,Clark
Evelyn,Ferguson
Darcy,Cameron
Ned,Robinson
Arnold,Bennett
Steven,Stevens
Ryan,Douglas
Daniel,Allen
Julia,Adams
Roman,Morgan
Melissa,Smith
Tiana,Harrison
Isabella,Harper
Fiona,Mitchell
Naomi,Williams
Jasmine,Hawkins
Adrian,Davis
Darcy,Barrett
Florrie,Davis
Dexter,Henderson
Jacob,Harris
Maximilian,Ross
Paige,Payne
Adelaide,Morgan
Edgar,Russell
Elise,Henderson
Ryan,Gray
Alford,Anderson
Kimberly,Phillips
Lana,Bailey
Alen,Foster
Albert,Johnson
Sydney,Taylor
Caroline,Bailey
Aston,Perkins
Elian,Phillips
Roman,Montgomery
Sydney,Reed
Madaline,Kelley
Tyler,Wright
Amelia,Richards
Amanda,Stewart
Lily,Cunningham
Florrie,Armstrong
Sawyer,Kelly
Lydia,Farrell
Lily,Harris
Andrew,Wilson
Roland,Adams
Kelvin,Evans
Spike,Warren
Maria,Adams
Ashton,Scott
Vivian,Dixon
Frederick,Andrews
Amy,Roberts
Garry,Thomas
Sofia,Watson
Jenna,Mason
Edith,Walker
Lucas,Holmes
Tiana,Howard
Thomas,Gray
Chelsea,Bailey
Maya,Taylor
Miller,Miller
Henry,West
Rosie,West
Adelaide,Martin
Tara,Gibson
